STATE,S0,S1,S2,S3,S4
S0,48.0,34.0,7.000000000000001,2.0,2.0
S1,4.0,2.0,93.0,1.0,0.0
S2,47.0,8.0,26.0,19.0,0.0
S3,0.0,6.0,12.0,56.00000000000001,17.0
S4,47.0,7.000000000000001,34.0,12.0,0.0
