STATE,S0,S1,S2,S3,S4
S0,2.0,40.0,7.000000000000001,44.0,2.0
S1,13.0,0.0,0.0,41.0,46.0
S2,68.0,9.0,6.0,14.000000000000002,3.0
S3,4.0,0.0,0.0,0.0,96.0
S4,20.0,24.0,51.0,0.0,0.0
