STATE,S0,S1,S2,S3,S4
S0,0.0,63.0,2.0,5.0,30.0
S1,10.0,12.0,7.000000000000001,13.0,48.0
S2,60.0,38.0,0.0,1.0,0.0
S3,38.0,6.0,53.0,2.0,0.0
S4,7.000000000000001,23.0,45.0,12.0,10.0
