STATE,S0,S1,S2,S3,S4
S0,14.000000000000002,10.0,8.0,15.0,1.0
S1,59.0,3.0,1.0,1.0,36.0
S2,2.0,63.0,28.999999999999996,0.0,0.0
S3,68.0,0.0,7.000000000000001,22.0,3.0
S4,4.0,0.0,96.0,0.0,0.0
